id,title,snippet,type,color,last_cited,cited_in_count,treating_example,total_citations,positive_citations,negative_citations
886879401,"Jack B. Anglin Co., Inc. v. Tipps","does not have a statute comparable to 28 U.S.C. 1292(b), which in effect permits a federal district court to certify that an appeal is appropriate from an interlocutory order addressing a matter of controlling law. 13 This court has, however, deemed orders relating to sealing or unsealing court records to be final, appealable judgments.",document,red,2025-02-20,1069.0,"{'source': {'vid': '893399329', 'title': 'Lee v. Ronald E. Lee Jr., Katherine Lee Stacy, & Legacy Trust Co.'}, 'target': {'vid': 886879401, 'title': 'Jack B. Anglin Co., Inc. v. Tipps'}, 'treating_type': 'Superseded by statute', 'treating_type_desc': 'Recognize Superseded By Statute in'}",1078.0,0.0,1.0
885440026,Davenport v. Garcia,"of speech will end where such control begins. Ex Parte Tucker, 220 S.W. at 76 (emphasis added). We conclude today, as we did over seventy years ago, that the judicially imposed gag orders in question are void. II. The Role of the State Constitution Having found that the trial court's gag orders violate article I, section 8 of the Texas Constitution",document,orange,2024-12-27,206.0,"{'source': {'vid': '892786338', 'title': 'In re Houston Chronicle Pub. Co.'}, 'target': {'vid': 885440026, 'title': 'Davenport v. Garcia'}, 'treating_type': 'Declined to extend', 'treating_type_desc': 'Declined To Extend in'}",211.0,0.0,1.0
887885591,Ex parte Tucci,"remarriage within one year of original divorce was without authority, and therefore void); Warfield, 50 S.W. at 936-37 (indicating that collateral attack is appropriate only if it may at once be  reasons for the collateral bar rule, however, are as compelling as the reasons for theappeals. The temporary restraining orders were issued less than a week before the first",document,,,,,64.0,0.0,0.0
894062831,Security Trust Co. of Austin v. Lipscomb County,"agreements made by the receiver and the counties and directed the receiver to surrender the securities to the counties in full satisfaction of their claims, are: That the orders were void and of no effect as to the counties, because the court was without jurisdiction to authorize the receiver to enter into an agreement Page 155 with the counties to settle or compromise the claims",document,,,,,41.0,0.0,0.0
891403966,Commission for Lawyer Discipline v. Benton,"attempting to define what annoys people). The definitions show that both ""harass"" and ""embarrass"" are based on an individual's subjective feelings. Thus, what might harass or embarrass one person may not harassstatutes contain the terms ""harass"" or ""embarrass."" See, e.g., TEX. FAM.CODE § 85.022 (protective orders); TEX. FAM.CODE § 156.005 (frivolous filing of suits for modifying",document,,,,,82.0,0.0,0.0
892852520,McEwen v. Harrison,"Freeman, Tex.Sup., 327 S.W.2d 428, in which we upheld orders on motions, in substantially the same form as the motion before us, to vacate void judgments. In McCauley, the default judgment was renderedprovided in Rule 329-b was not presented or decided. We hold that appeal by writ of error or a bill of review to set aside the judgment are the exclusive methods by which Texaco may have the default judgment",document,red,2020-04-24,224.0,"{'source': {'vid': '894112960', 'title': 'PNS Stores, Inc. v. Rivera'}, 'target': {'vid': 892852520, 'title': 'McEwen v. Harrison'}, 'treating_type': 'Overruled', 'treating_type_desc': 'Stated as Overruled in'}",224.0,0.0,2.0
892065911,"Mapco, Inc. v. Forrest","applications and record to the supreme court ""following direct orders and instructions from the JusticesW.2d 605, 608 (1935). 2 Relators also argue that the court of appeals' January 4, 1990argument is that the court of appeals' judgment was ""void"" because it was contrary to section 22.222(c) of the 1959), this court stated, ""Judgments are void for lack of power in courts to render them when",document,,,,,247.0,0.0,0.0
886887709,Ex Parte Westbrook,"this court's later judgment herein, and can now do so."" It is, of course, settled that this court upon application for habeas corpus is authorized to act only when it is shown that the orders of the court, including the order of commitment, are absolutely void, regardless of how erroneous the same may be. Ex parte Testard, 102 Tex. 287, 115 S. W. 1155, 20 Ann. Cas. 117; Lytle v. Railway Co., 41",document,,,,,1.0,0.0,0.0
892282011,Dikeman v. Snell,"attorney nevertheless Page 186 become a part of the court's judgment and therefore are judicial errors when thus rendered in writing by thea mistake, it was a judicial and not a clerical mistake. It is well settled that a trial judge has no power to enter a nunc pro tunc judgment purportingmandamus proceedings, held similar nunc pro tunc judgments and orders to be 'void' and granted conditional writs requiring",document,,,,,160.0,0.0,0.0
888427285,"Railroad Com'n of Texas v. Lone Star Gas Co., a Div. of Enserch Corp.","shall establish a unit and pool all of the interests in the unit within an area containing the approximate acreage of the proration unit...."" Section 102.017 provides that ""all orders effecting the pooling shall be made on terms and conditions that are fair and reasonable and will afford the owner or owners of each tract or interest in the unit the opportunity to produce or receive his fair share."" See also Railroad Comm'n v",document,,,,,94.0,0.0,0.0
890303665,"Ammex Warehouse Co. v. Archer, A-10117","justice would be better served by making their judgments fully effective until they are reversed or set aside. Perhaps it would follow that supersedeas should not be allowed at all, or that it would be allowed pending appeal. The temporary order was characterized as being 'absolutely void.' This Court said that: '(T)he injunction was applied for for the purpose of rendering ineffective",document,,,,,72.0,1.0,0.0
892858557,Cook v. Neill,"the county school trustees purported to act are unconstitutional; (D) that the orders were arbitrary, capricious, and were an abuse of discretion because of the facilitiesso far as the Gay Hill District was concerned was void and unenforceable because the area of the Big Spring Independent School District, supra. We do not disturb that principle here, and it would have applied in the present case had there been a",document,,,,,13.0,0.0,0.0
893060265,Ex parte Abell,"County District Court to reconsider its prior orders in light of the new statute. The trial court deniedinvolves the contention of plaintiffs that Abell's collateral attack on the trial court's order isTex.1966). We there held that a judgment of contempt was void because it was predicated on a pre-trial orderthe provisions of article 5561h, effective August 27, 1980, are to be applied to the order of the trial court, dated October",document,,,,,121.0,0.0,0.0
887605203,Crane v. Tunks,"discretion, but I do not agree with the majority's holding that written pleadings are a mandatory prerequisite to an order requiring the production of documents in court where there is no showing that the production of such documents would be unduly expensive or otherwise: (1) whether his father's deed to Mrs. Crane was voidable because it was procured by relator Kelley by",document,red,2021-06-30,145.0,"{'source': {'vid': '888830147', 'title': 'Wal-Mart Stores, Inc. v. Alexander'}, 'target': {'vid': 887605203, 'title': 'Crane v. Tunks'}, 'treating_type': 'Reversed', 'treating_type_desc': 'Stated as Reversed in'}",148.0,0.0,9.0
891569874,Rose v. Doctors Hosp.,"stating that the partial invalidity of a statute voids the remainder when the provisions are so interdependent and connected in subject-matter as to be inseparable: Theconnected in substance. If, when the unconstitutional portion is stricken out, that which remains is complete in itself, and capable of being executedpostponed sales of property under executions or orders of sale, or under deeds of trust, mortgages",document,red,2023-09-26,139.0,"{'source': {'vid': '884735065', 'title': 'Westphal v. Diaz'}, 'target': {'vid': 891569874, 'title': 'Rose v. Doctors Hosp.'}, 'treating_type': 'Superseded by statute', 'treating_type_desc': 'Superseded By Statute in'}",150.0,0.0,2.0
892182865,"Hill v. Mobile Auto Trim, Inc.","ground. This is preferable to fashioning a broad new rule that destabilizes a well settled area of the law. For all court holds the covenant not to compete in the franchise agreement ""void in all respects."" 725 S.W.2d 169. Thus, the court has determinedcourts to grant or deny a temporary injunction, and appellate review of orders, are ""well established and clearly defined."" Sun",document,red,2023-07-27,46.0,"{'source': {'vid': '892972929', 'title': 'Heritage Operating, L.P. v. Rhine Bros., LLC'}, 'target': {'vid': 892182865, 'title': 'Hill v. Mobile Auto Trim, Inc.'}, 'treating_type': 'Superseded by statute', 'treating_type_desc': 'Superseded By Statute in'}",47.0,0.0,5.0
885343118,City of San Antonio v. Texas Water Commission,"governed by the substantial evidence rule, the orders of the Water Rights Commission are presumed to be legal and valid, and the burden is on the party appealing from the Commission's order to show that the orders are not reasonably supported by substantial evidence. Therefore, we must determine if San Antonio has sustained the burden of showing that the orders appealed from were not supported",document,,,,,78.0,0.0,0.0
888812261,Henn v. City of Amarillo,"whether the disputed act should be classified as voidable rather than void. While counsel for respondents are to be Page 76 commended for their industry and resourcefulness, we are constrained to hold that it was not the intention of the Legislature to render orders of the Commissioners Court, setting terms of County Court",document,,,,,12.0,0.0,0.0
891216605,State Bd. of Ins. v. Betts,by this Court it must definitely appear that the questioned orders of the district court are wholly void. If an exercise of discretion by the districtCommissioner. It follows that an order of the court appointing an attorney to assist in liquidation proceedings is not void. Accordingly the application for is denied. --------------- 1 The orders appointing Allred as,document,,,,,45.0,0.0,0.0
890963472,State v. Scott,"strange melange of unauthorized and inconsistent pleadings and orders that it has been difficult to determine what issues were properly before the trial court for decision and are now properly before this court for review. ThisARTICLE 527, UNCONSTITUTIONAL AND VOID.' In this so-called 'motion,' defendantsimposes upon a defendant constructive knowledge that the materials involved are obscene. The United States",document,,,,,24.0,0.0,0.0
891878851,State v. Balli,"square leagues of land. The contentions of the State more specifically are that the proceedings as shown in the expediente disclose a grant, if valid, of only 11.15 leagues of land; that the act to recover the excess over the amount actually granted and that the grant to 11.15 leagues is void for indefiniteness and uncertainty in that there is now no way to identify the land which was intended to be",document,,,,,61.0,0.0,0.0
894355949,Barshop v. Medina County Underground Water Conservation Dist.,", 186 S.W.2d at 963 (considering availability of judicial review in holding that Railroad Commission orders adjusting correlative rights did not violate separation of powers). Under such circumstances, we cannot agree with Plaintiffs' argument that the permits are binding judicial determinations by an agency in violation of the separation of powers doctrine. X Separately",document,,,,,73.0,0.0,0.0
890097958,Ex parte Hooks,"violation of, or to coerce compliance with court orders which fix no definite time for performance of the ordered act or whichto change the well settled law of contempt. Thus the fact that 'The entire sum embodied in the 1961 orderMy second reason for saying that the contempt judgment is void, at least to the extent of its coercive provision, is because whenOn this question the temporary alimony cases are analogous. In Wright v. Wright, 6",document,,,,,7.0,0.0,0.0
886481167,Weidner v. Crowther,"the children of that which remains at the death of the survivor, nor a life estate in the property with an absolute and unlimited power of disposition and with a limitation over to the children of that which remains at the death of the survivor. We are not called upon to decide, therefore, whether the devise to the children would be void or whether it would create an executory interest in the children. See McMurray v. Stanley, 69 Tex. 227, 6 S.W. 412; Edds v",document,,,,,44.0,0.0,0.0
892284696,"Long, In re","the only hearing conducted prior to the date of the trial court's judgment, and there is no evidence in the record that the Clerk continued to charge the sheriff fee after the contempt hearing and until the date of judgment. Thusfines for collecting the sheriff fee from September 29, 1995 through March 15, 1996 are void. * * * We therefore conditionally grant the writ of mandamus without hearing oral argument",document,,,,,90.0,0.0,0.0
891996075,"Ex parte Conway, s. B--163 and B--193","Ford v. State (Tex.Civ.App.) 209 S.W. 490, 491; Hurley v. Buchanan (Tex.Civ.App.) 233 S.W. 590, 594(4).' We accordingly hold that both of the orders for contempt are void and we order the Sheriff of Denton County to release the relators from custody.",document,,,,,13.0,0.0,0.0
887546372,Railroad Commission v. Aluminum Co. of America,"supported by substantial evidence, was therefore null and void and enjoined its enforcement. The in the entire area. The nine other sands are progressively higher and overline the producingwell spacing unit and a 40-acre oil well spacing unit. At that time several town lots or small tract wellswere taken by Alcoa or by anyone else from any of these orders. In fact, the evidence shows that Alcoa",document,,,,,32.0,0.0,0.0
888490101,"Dickason, In re",", the February order granting a new trial is void. 6 Mandamus is appropriate to set aside an order for new trial that is granted after the court's plenary power expires and that is, therefore, void. 7 Because the trial court had no power to grant the new trial, any subsequent retrial would be a nullity. Under these circumstances, Dickason does not have an adequate remedy by appeal and is entitled to",document,yellow,2023-04-27,14.0,"{'source': {'vid': '885541625', 'title': 'In re Brookshire Grocery Co.'}, 'target': {'vid': 888490101, 'title': 'Dickason, In re'}, 'treating_type': 'Distinguished', 'treating_type_desc': 'Distinguished in'}",14.0,0.0,1.0
885683827,Fischer v. Rio Tire Co.,"27 C. J. pp. 878 and 879, the authorities are collated, and the rule as reflected by many persons in whose favor the statute declares a bulk sale fraudulent and void is usually not restricted to any particular class of creditors, but includescreditors of the seller in other transactions."" The evidence shows that Segall was in the tire business and had Spectralite, Inc",document,,,,,31.0,0.0,0.0
894921768,Texas Dept. of Public Safety v. Casselman,", p. 206, Habeas Corpus, § 212, that: 'The inquiry which the courts make in determiningwhether or not an order committing a person for contempt is void, in habeas corpus proceedings, is much broader than in other proceedings where collateral attacks are made on judgments and orders of courts. The court will inquire into the evidence presented",document,,,,,16.0,0.0,0.0
892880429,"Westheimer Independent School Dist. v. Brockette, B-6637","conduct such hearings. Alternate grounds of jurisdiction of the Commissioner are presented by the parties. First, the Commissioner assertsSecond, Houston I.S.D. argues jurisdiction on the grounds that the Commissioner retains the power to rescind void orders. On the first contention, the Commissioner asserts that the refusal of the",document,,,,,61.0,0.0,0.0
892160233,"Alamo Exp., Inc. v. Railroad Commission, A--11012","said application and the certificate issued thereunder shall be void unless the Commission shall set forth in its order full and completeservice.' The sense of the sentence from all of Section 5a(d) is that the words, 'said application' are used for the same purpose as they were used four other5a(c). This Court has previously held that orders which grant certificates to specialized motor carriers",document,,,,,1.0,0.0,0.0
884706840,Laster v. First Huntsville Properties Co.,"The homestead rights addressed in the divorce decree are those established while Richard andproperty impressed with the homestead character was void. The former husband's ability was to establish his own separateestablish his individual homestead, not to destroying that of his former spouse and children. The only authority citedimpressed with homestead character, or on the proceeds if the divorce court orders a sale of the family homestead. 3 Page 135 The",document,,,,,30.0,0.0,0.0
890163287,Ex parte Gorena,"Gorena's second contention is that the trial court's contempt order is void because it is based on a violation of a divorce decree that is indefinite and ambiguous. Page 846 He is correct inknow exactly what duties or obligations are imposed upon him."" Ex parte SlavinW.2d 43 (Tex.1967). The divorce decree in this case orders Mr. Gorena to pay 42.5 percent of his ""gross retirement",document,,,,,8.0,0.0,0.0
892985296,Ex parte Swate,"she was deprived of due process. The commitment order is void. Accordingly, we grant Cox's petition for writagree with the judgment and opinion of the court, but would also hold that the trial court did not have authority to issue the turnover orderit is clear that the statute authorizes turnover orders enforceable by contempt only against the judgmentauthorize a court to issue orders against those who, like Cox, are not judgment debtors or under the judgment debtor's",document,,,,,26.0,0.0,0.0
892020465,State Bar of Tex. v. Heard,"proceeding that it has no right to appeal. That is true of interim and interlocutory orders. Until now it was no basis for this court's intervention. The precedents cited by the majority do not hold that a mandamus will lie for the denial of a summary judgment. They to support the court's grant of the motion for summary judgment. They are State ex rel. Pettit v. Thurmond, 516 S.W",document,,,,,246.0,0.0,0.0
886689671,State ex rel. Dishman v. Gary,"should be removed from office because of official 'misconduct'. Article 5973. We hold that the order purporting to reinstate Cause No. B-77,303 on the docket of the 60th District Court dated June 6, 1962 and the injunctive ancillary orders contained in the decree bearing said date are nugatory and void for the reasons herein set forth and should accordingly be expunged from the records",document,,,,,29.0,0.0,0.0
892006790,Riverside Nat. Bank v. Lewis,"Riverside held Page 177 Lewis' $12,871.80 promissory note, without offering to return it, or marking it void. We believe that this testimony constitutes some evidence that Riverside acted with the requisite mentalP.A. to apply to lenders. (2) The trade practices of lenders are regulated by the Consumer Credit Code, Article 5069-1.01, et seq",document,,,,,325.0,0.0,0.0
894257040,"Bryant v. United Shortline Inc. Assur. Services, N.A.","recognized that full faith and credit applies to receivership orders. See Underwriters Nat'l AssuranceStates Supreme Court concluded that full faith and credit only requires courts.Ct. 1357 n. 10. Thus, if a judgment is void and unenforceable in the rendering state, it void and unenforceable inorder affecting Anchorage's assets that are outside Tennessee. The Liquidator",document,,,,,26.0,0.0,0.0
892598800,Southern Canal Co. v. State Bd. of Water Engineers,", §§ 110, 111. But when the provisions of a statute are so inharmonious and conflicting as to render it have no alternative but to declare it inoperative and void. Hill County v. Sheppard, 142 Texanalysis of Section 13 impels the conclusion that it must be declared void. We recognize that our holding inholding in rate cases to appeals from orders of administrative agencies in other fields",document,,,,,114.0,0.0,0.0
888676592,Texas Antiquities Committee v. Dallas County Community College Dist.,"located on private lands within the State of Texas in areas that have been designated as a ""State Archeological Landmarkof the terms of such permit of, the Antiquities Committee. is unconstitutional and void, and the orders of the Defendants based thereon are unconstitutional and invalid. 2. Plaintiff need not obtain a permit from the Defendants",document,,,,,57.0,0.0,0.0
885661478,Ex parte George,"granted by a court having no jurisdiction of the subject matter is void. Ex parte Twedell, 158 Tex. 214, 309 S.W.2d425. There is in the record ample evidence to support the trial court's finding that a primary purpose of the picketing of the refinery at Texas Citycontroversies involving those activities which are expressly or clearly protected or prohibited, but as",document,red,1972-05-17,5.0,"{'source': {'vid': '894401364', 'title': ""Windward Shipping (London) Limited v. American Radio Ass'n AFL-CIO""}, 'target': {'vid': 885661478, 'title': 'Ex parte George'}, 'treating_type': 'Vacated', 'treating_type_desc': 'Stated as Vacated in'}",5.0,0.0,2.0
891332528,"Weatherford Oil Tool Co. v. Campbell, A-7549","agreement set out therein on the ground that the covenant is void on its face, being an attempt to restrict their employment over theW.2d 76. Petitioner alleged that it is engaged in the business of manufacturingcalled upon customers to solicit orders for and give instruction as to use of equipment sold by the companyof petitioner's plant at Weatherford. There are no allegations indicating",document,,,,,142.0,0.0,0.0
885205504,Gulf Land Co. v. Atlantic Refining Co.,"of this permit contend that it is void because it was granted after the Commissionentered an order denying it. It is true that the Commission has a rule providing that such motionsresponse to the new application. In other words, such former orders did not in any way hamper Page 80 or prevent the Commissionconserve oil and gas is to see that oil and gas fields are drilled in an orderly and scientific manner. In",document,,,,,291.0,0.0,0.0
891371986,"Barber, In re",", and other documents that may not in actuality have the trial judge's approval. Third, and most importantly, the tripartite requirement prevents others from signing orders that are actually contrary to the trial court's decision. In addition, the Court improperly ignores the conflicting evidence in the record in concluding that the trial court abused",document,yellow,2024-10-31,49.0,"{'source': {'vid': '892601710', 'title': ""Izen Jr v. Comm'n For Lawyer Discipline""}, 'target': {'vid': 891371986, 'title': 'Barber, In re'}, 'treating_type': 'Distinguished', 'treating_type_desc': 'Distinguished in'}",49.0,0.0,1.0
892716713,Jones v. Sun Oil Co.,"of annulling and cancelling the orders of the court relating to the guardianship proceedingsrelating to such appointment and sale of the land that the statutes have not been compliedif such sale is attempted to be made, it is void. Neal v. Holt, Tex.Civ.to be void, all purchasers of land thereunder are charged with notice of such vice, and a good title to such land",document,,,,,25.0,0.0,0.0
889437451,"Harrington v. Railroad Commission, s. A-9702","the terms of the drilling permit'; and (3) that the applicant had 'failed to show the use of diligence in the reasons (1) and (2) seem to indicate, the basis for the Commission's orders is punishment of appellant for violating the terms of his adjoining tracts or leases, the orders are void for want of power in the Commission so to punish. The Legislature",document,,,,,34.0,0.0,0.0
889536980,Cook v. Spears,"Page 292 discretion. There was a limited right to a trial on appeal and that right was exhausted ten days after November 1, 1974which occurred after ten days from November 1, 1974, were void because the right to a trial on appeal was lost. See Texas Liquormandamus ordering the trial court to set aside its orders for continuance and discovery are denied, because those matters are now immaterial. The",document,red,2002-07-03,12.0,"{'source': {'vid': '893045830', 'title': ""Garza v. Texas Alcoholic Beverage Com'n""}, 'target': {'vid': 889536980, 'title': 'Cook v. Spears'}, 'treating_type': 'Overruled', 'treating_type_desc': 'Overruled in'}",12.0,0.0,1.0
887708098,Ex parte Jones,"See Ex Parte La Rocca, supra. Relator takes the position that the contempt orders of the District Court of Panola County, dated December 19, 1961, February 20, 1962, and the order of commitment dated March 16, 1962, are void for the reason that the contractual provisions contained in the September 14, 1961 divorce decree cannot be",document,red,2021-02-26,48.0,"{'source': {'vid': '891370005', 'title': 'Canadian River Mun. Water Auth. v. Hayhook, Ltd.'}, 'target': {'vid': 887708098, 'title': 'Ex parte Jones'}, 'treating_type': 'Overruled', 'treating_type_desc': 'Stated as Overruled in'}",48.0,0.0,2.0
885826489,Texas & N. O. R. Co. v. Railroad Commission,"proof shall rest upon the plaintiff to show the rates, regulations, orders, classifications, acts or charges complained of are unreasonable and unjust to it or them:' 'The codifiers of the 1925 revisiongoverning in ordinary civil cases.' The carriers contend also that this order is void because the Commission made no finding that the old rate was '* * * unjust, unreasonable, discriminatory",document,,,,,15.0,0.0,0.0
892923445,Poole v. Giles,"Article 5421c-5 relate to the powers of the School Land Board, and how its orders may be reviewed by the courts. A comparison of the articles relatingLand Board shows a similarity of purpose. The majority opinion, after holding that this case is moot and dismissing same, states that petitioners are not without a remedy, and cites them to Article 5421c. That is a very",document,,,,,15.0,0.0,0.0
892521573,"Ex parte Slavin, A--11821","order. The reasons for certainty in such an order are similar to those required of the order which one iswhere, as in the instant case, the order does not state that the commitment is until the defendant shall do or perform certain acts in compliance with the orders of the court, but simply states in indefinite language that he is committedpurges himself of contempt, the order is too indefinite, and is void.' In Ex parte Duncan, 42 Tex.Crim",document,,,,,108.0,0.0,0.0
891428625,Texas Co. v. State,"cannot recognize the statement in the Zweifel case as binding authority for abandoning the rule of the Watkins case. Many cases from other jurisdictions are cited for the proposition that the allowance of interest as damages is discretionary with the trial court, particularly in equity actions. No Texas cases in point are among those cited. Jones v. Mitchell",document,,,,,107.0,0.0,0.0
891113444,City of Fort Worth v. Gulf Refining Co.,"by the authority cited: ""Ordinances imposing license taxes under the power to regulate are prima facie valid, and the unreasonableness of the exactions must be made clearly tomust be obviously and largely beyond what is needed for the purpose intended, before such legislation will be declared void. The fact that the exaction may result in producing a revenue in excess of that required for regulation, does",document,,,,,45.0,0.0,0.0
891948961,Fry v. Tucker,"tried? If so, any judgment rendered by him was absolutely void, and not binding on the parties involved. Litigants are entitled to have their cases tried by a judge qualified under the law, so that not even the slightest suspicion might attach to his actionsCherokee County, brought there by certiorari and appeal from three separate orders of the probate court, two of them relating to the appointment",document,,,,,32.0,0.0,0.0
887967797,Ex parte Sentell,"of this failure the order should be held to be void. If a contempt order may rest upon pure conclusionsexceptions. We cannot escape the conclusion that the unjudicial conduct of the court climaxed by thejudicial, and not personal,-and the relations of court and attorney are correlative. Courts may, will and should enforce judicial are bound and will Page 375 be held to obey legal orders of courts, yet the court should invoke its judicial",document,,,,,6.0,0.0,0.0
893751671,"Blum v. Lanier, 070199","amended his pleadings to include a contest of that election. We are further advised that the trial court has indicated by letter that it will sustain review"" doctrine applies here. If the trial court orders a new charter amendment election, as it has indicated it will57, 59 (Tex. 1949)(district court is without authority to enjoin even a void election); Ex parte Barrett, 37 S.W.2d 741, 742",document,,,,,98.0,0.0,0.0
892928060,Graser v. Graser,"case: ""Clearly, the contract would have been void or voidable as to any children of Mr. Johnson. Butin such manner as they see fit, without regard to ""the legal orders of descent"" and even to the extent of disinheriting children, it would seem to be a legitimate inference that Art. 4610 is designed to apply todescent"" as regards Henry and Ernest, who are here vigorously complaining",document,red,1987-08-19,29.0,"{'source': {'vid': '894110331', 'title': 'Prudential Petroleum Corp. v. Rauscher, Pierce & Co.'}, 'target': {'vid': 892928060, 'title': 'Graser v. Graser'}, 'treating_type': 'Reversed', 'treating_type_desc': 'Stated as Reversed in'}",29.0,0.0,1.0
886368928,Alpha Petroleum Co. v. Terrell,"party. We quote the following from that opinion: ""We take it that the statutes above quoted mean what they say. It is not contended that the orders of the Railroad Commission here collaterally attacked are void on their faces, or that the Railroad Commission was without inherent lawful jurisdiction to act in the premises. If such contentions were made",document,red,2022-06-17,94.0,"{'source': {'vid': '917003303', 'title': 'S.C. v. M.B.'}, 'target': {'vid': 886368928, 'title': 'Alpha Petroleum Co. v. Terrell'}, 'treating_type': 'Abrogated', 'treating_type_desc': 'Stated as Abrogated in'}",98.0,0.0,1.0
888863206,Ex Parte Scott,"the wife before a notary who is her attorney in the case, the affidavit is void, and therefore the complaint or information stands before the court unsworn to. Generally speaking, contempt proceedings are criminal in their nature, and this is true regardless of whether they grow outcivil actions. The reason for such classification is that they involve the essential idea of willful disobedience of judicial orders and decrees. Since contempt proceedings are essentially",document,,,,,124.0,0.0,0.0
886093143,Lewis v. Jacksonville Build. & Loan Ass'n,"days after the hearing is finally closed, becoles voidable upon appeal. The rule contains no wordthe hearing. No legal consequences are spelled out for the failure of the Commissioner45 day provision of the Rule 1.9 is directory, and that the failure of the Commissioner to render a decisiona sufficient volume of business to indicate a profitable operation. Orders of the Savings and Loan Commissioner",document,,,,,124.0,0.0,0.0
892881379,Gulf Oil Corp. v. Reid,", supra, the express provisions in the royalty deeds in each of the cases are controlling and take them out of the category of cases I contend to be herein expressed. Each deed contained a positive, unequivocal statement that in the absence of production on the critical date this grant shall become null and void, and the minerals hereby conveyed shall revert to the said grantor",document,,,,,80.0,0.0,0.0
892335183,Estate of Pollack v. McMurrey,"Estate of Pewthers, to determine that such a judgment would be void. 443 S.W.2d at 395. The Pewthers court . 148, 327 S.W.2d 428, 433, in which this Court held that, because of a conflict with the rules of procedure, the rendition of a defaultconstitute fundamental error, however, and therefore, will not constitute grounds for reversal when they are raised for the first time on appeal. See, e.g., Central",document,,,,,104.0,0.0,0.0
891789841,Blair v. State,"POPE, Justice. Two questions are presented by this appeal, whether a judgment byDistrict Court of Travis County that the Hopson estate owed the State of Texas for unpaid taxes was wholly void and subject to collateral attack in the county court and whether the to the probate court for classification and then paid through orders of the probate court. Tobolowsky v. Eastwood",document,,,,,14.0,0.0,0.0
886082852,Terrazas v. Ramirez,"circumstances, including in the event the judgments below are set aside as we order today. The Governor, asthe federal courts. Under our constitution, that is her choice alone. * * * * * * In conclusion, under the factscourt's judgment based on such ostensible agreement is void. For these reasons, I would conditionallyto vacate the agreed judgment Page 739 that orders the implementation of new senatorial districts",document,,,,,24.0,0.0,0.0
894108238,Key Western Life Ins. Co. v. State Bd. of Ins.,"and those not so entitled, is unconstitutional and void.' The present case does not fall within the prohibition of the Shell case, supra. We hold that Article 3.42 in this regard is constitutional. Thes contention that appeals to the district court from orders of the State Board of Insurance and the Commissioner of Insurance are to be determined by the preponderance of the evidence rule in a trial",document,,,,,117.0,0.0,0.0
891870138,Rekdahl v. Long,"at all, at Aramis' death. Under this construction all remaindermen are ascertained and their interests vest, if at all, upon the death of aperiod allowed by the rule. Petitioners' final argument is that the language of paragraph of demonstrates an intent that no interestconstruction of 'vest in interest' is inconsistent with the prior language of the will which orders income paid out and allows invasion of the corpus at the discretion of the",document,,,,,32.0,0.0,0.0
892397386,Portland Gasoline Co. v. Superior Marketing Co.,"to buy all of the 'dry groceries' from Wooten, and 'to discontinue specialty orders' from all other suppliers during the period of one year, or so long asTex. 5, 175 S.W.2d 230, loc. cit. 234, this court held: 'We think that the contract provisions, as above detailed by us, on their faces, do not violaterestraint of trade. The judgments of both courts below are hereby reversed, and this cause is remanded to the trial",document,red,2016-11-10,43.0,"{'source': {'vid': '891687250', 'title': ""Greater Hous. Radiation Oncology, P.A. v. Sadler Clinic Ass'n, P.A.""}, 'target': {'vid': 892397386, 'title': 'Portland Gasoline Co. v. Superior Marketing Co.'}, 'treating_type': 'Overruled', 'treating_type_desc': 'Stated as Overruled in'}",43.0,0.0,6.0
884862425,Lone Star Cement Corp. v. Fair,"court conducted a hearing on August 7, 1969 to determine what orders or judgments had been rendered on June 10having heard the evidence and the arguments of counsel,' found 'that in truth and in fact the defendant, B. W. Rush, filedEntry of a judgment theretofore rendered and was unauthorized and void. We made an identical holding with respect to an effort to correct an error made",document,,,,,138.0,0.0,0.0
885441164,Auto Convoy Co. v. Railroad Commission of Texas,"whether the contested order is reasonably supported by substantial evidence. In appeals, the burden is upon the complaining parties to show an absence of substantial evidence and that the orders are unreasonable and unjust to them. Sec. 20, Art. 911b, V.A.C.S.; Alamo Express v. Union City Transfer, Supra. Where there is substantial evidence which",document,,,,,61.0,0.0,0.0
890505665,Ex parte Lillard,"Judgments (5th Ed.) vol. 2, §§ 660, 662. This does not militate against our conclusion that, once the necessary facts are pleaded and admitted or proven, or shown by the undisputed record, as in this case, the subsequent suit is abated and its orders void for want of jurisdiction.' Ordinarily the remedy for the erroneous overruling of a plea of",document,,,,,13.0,0.0,0.0
887471167,Knox v. Long,"particular case' thereby. Certainly he was conscious that the decree listed many cases and stated the dismissal of every one so listed.) The mere fact that the decree was a writing and that all entries are writings, obviously does not mean that the decree is presumptively only an entry of some previous rendition. Certainly there is nothing impossible, or even improbable, about a judge at one moment rendering an oral dismissal",document,red,2024-05-03,34.0,"{'source': {'vid': '886271208', 'title': 'Grace v. Titanium Electrode Products, Inc.'}, 'target': {'vid': 887471167, 'title': 'Knox v. Long'}, 'treating_type': 'Reversed', 'treating_type_desc': 'Stated as Reversed in'}",34.0,0.0,13.0
888239989,"Estate of Waggoner v. Gleghorn, A-9852","Section 17, of the Texas Constitution, and that the order opening the road was unconstitutional and void. We there observed that our views on the question had been stated in the Phillips case as followsprovide for compensation to a landowner whose property is taken for an access road, there is no material difference between the orders under attack in the Phillips and Maher cases and the statute upon which respondent",document,,,,,29.0,0.0,0.0
891590756,Ex Parte Lee,"issued by the court to protect the subject-matter involved are not void. Under the law the defendants had the right to file acourt of Travis county on February 26, 1934, to set aside that order as being violative, among other things, of rule 37, validity of said laws, rules, regulations or orders. Such suit shall be advanced for trial and be determined as expeditiously",document,,,,,7.0,0.0,0.0
886558468,Ex parte Padron,"which evidences one's rights and duties. Oral orders are poor substitutes for the requirement of one final judgment. he should not be held guilty of constructive civil contempt. In the course of that hearing, the court undertook to convert the hearing into a direct contempt hearing by making.2d 406 (1928), that a judgment convicting one of contempt is void when the order was based upon matter foreign to the accusation of contempt",document,,,,,23.0,0.0,0.0
885826320,"Humphreys, Matter of","criminal court under the circumstances he alleges would be void. TEX.CODE CRIM.PROC.ANN839 S.W.2d 791, 794 (Tex.1992) (holding that Texas is required to extend full faithnot extend full faith and credit to judgments or orders that violate Fourteenth Amendment due processpersons accused of ""a capital, or otherwise infamous"" crime are entitled to indictment by a grand",document,,,,,51.0,0.0,0.0
892200046,Crowe v. Texas Dept. of Public Safety,"suspensions by the Department were based; the presumption that such notices reflect judgments of a court is therefore within a consecutive period of twelve months. The suspension orders of the Department here in question must fall since it affirmativelyof the trial court and of the Court of Civil Appeals are reversed, and judgment is here rendered for",document,,,,,7.0,0.0,0.0
888852665,Blaylock v. Riser,"Emphasis ours.) The county court entered two orders at later dates setting aside all of the proceeds exceptto set aside the previous order of the county court on the ground that the county court had adjudicated the title tocourt determined the title to be; and that the judgment was therefore void. The surviving widow and her child answeredAnn.St., make it plain that county courts are without power to try title to land and that this subject matter is",document,,,,,8.0,0.0,0.0
890338494,Buckholts Independent School Dist. v. Glaser,"order"" to post the required bond or suffer dismissal. We realize that this construction may result in simultaneous appeals of the bond order andjudgment of the trial court. --------------- 1 All statutory references are to Vernon's Texas Civil Statutes Annotated procedure, all questions of law arising out of the orders and judgments of the courts of civil appeals",document,,,,,129.0,0.0,0.0
887620200,Strayhorn v. Jones,"is in the same language as that in the deed of trust and in the judgment of foreclosure. We hold that by virtue of the description contained in the deed of trust, the foreclosure and sale under proper orders of the court by the receiver and by his deed, and under the provisions of the Small Billdescription of the outer boundary of the lands conveyed, and as they affect this litigation, are a follows: 'Thence in a Westerly direction with the S.",document,,,,,38.0,0.0,0.0
885547791,Rudman v. Railroad Commission of Tex.,"are not involved and it is not necessary to go behind the orders under review since their invalidity appearsmerit in the further contention of Respondents that the order of the Commission of December 7 is indivisible and Petitioners are precluded from attacking the overproductionunder the rules which would have been in effect if the void method had never been prescribed,' the reference being to the Railroad",document,,,,,11.0,0.0,0.0
892518312,Chandler v. Welborn,"deed from the decedent which is voidable but not void, and the administratrix could not be charged with a violationset aside. It has also been suggested that respondents might obtain an order from the probatefor failure to do so. Either side may appeal from its orders on either of these questions. If the present administratrix is finally removed, there are two other grantees in the deed who have a right",document,,,,,76.0,0.0,0.0
892293109,Ex parte Jordan,"Coercive Contempt Jordan argues next that she cannot be ordered confined until she delivers regarding it, the entire judgment of coercive contempt is void. Ex Parte Davila, supra. Pursuantrelator in contempt and committing her to jail are contrary to this Court's opinions and, without hearing oral argument, orders relator discharged. --------------- 1",document,,,,,11.0,0.0,0.0
892807862,Lewis v. Metropolitan Sav. and Loan Ass'n,"Nixon, 411 S.W.2d 350, 357 (Tex.1966). The holding of the majority opinion requires reversal of evidentiary errors made by hearing officers who are not required to be attorneys. The majority opinion states that not all evidentiary errors will require reversal and that the hearing examiner does not have to meet judicial standards in the conduct of a hearing. The",document,,,,,104.0,0.0,0.0
892617265,Magnolia Petroleum Co. v. New Process P. Co.,"Commission has power to issue and cause process to be served by its officers, and to enter orders that are final, unless set aside on appeal, and to enforce its judgments which govern valuable property rights. 3. Thatdrill and operate the three wells which had been denied by the order of May 7, 1934, was a void order; not because the Railroad Commission was without potential jurisdiction to enter it, but because such order",document,,,,,49.0,0.0,0.0
892833274,Lower Nueces River Water Supply Dist. v. Cartwright,"an injunction to prevent the collection of the judgment. Its grounds for asking for the injunction were that the judgment was void because the County Court lost its jurisdiction when his motion to dismiss was sustained; andappropriation of his said land before the order had, granting appellant's motion to dismiss its condemnation suit, we are of the opinion that appellant could not, by thus taking a voluntary nonsuit, upon this state of the record, deprive appellee of his",document,,,,,25.0,0.0,0.0
884692826,Todd Shipyards Corp. v. Texas Employment Commission,"the statute cannot be reasonably interpreted as voiding the awards and charges as to petitionerIndeed, respondents, as part of their thesis that petitioner should have treated the quarterly statementscase the charges made against petitioner's account) are lower than those with respect to the judgments519. Even to Page 714 say generally that the orders of the Commission are presumptively",document,,,,,6.0,0.0,0.0
887420403,"County School Trustees v. District Trustees, Etc.","order of the County Board null and void. Also such judgment enjoins the enforcementjudgment in the district court the defendants in that court appealed to the Court of followed the provisions of Article 2742f, or did its orders and proceedings had under the provision of Article 2742ecertificate, supra, we make this statement: `In so far as they are applicable, appellants complied",document,,,,,15.0,0.0,0.0
884938017,Yoakum County v. Gaines County,"ascertain if the allegations contained therein, when viewed as a whole, raised an issue of fact for determination. The petition is long. The material facts alleged are as follows: That Gaines County lies immediately south of Yoakum and Terry counties, and that the north line of Gaines County forms the entire south line of",document,,,,,19.0,0.0,0.0
892447000,Ex parte Boniface,jail. Boniface argues that the contempt order was void since he had appealed the final judgment to the courtcontempt hearing in the trial court. The respondent urges that since Boniface did not file a supersedeasproceedings for violations of judgments and orders granting Page 778 injunctive relief are instituted in the court from which the judgment or,document,red,2014-03-11,26.0,"{'source': {'vid': '891520481', 'title': 'In re Sheshtawy'}, 'target': {'vid': 892447000, 'title': 'Ex parte Boniface'}, 'treating_type': 'Abrogated by statute', 'treating_type_desc': 'Abrogated By Statute in'}",26.0,0.0,5.0
888041695,McElreath v. Stewart,"or immediacy which would allow a court to issue a temporary order under section 14.10(c). There are cases, however, which discuss the situations necessary to issue temporary custody orders. This court has held that if the safety and well-being of a child are in jeopardy, a trial court may enter an order vesting temporary custody in a party other than the child's legal custodian. Page v. Sherrill, 415 S.W.2d 642, 645 (Tex.1967",document,,,,,47.0,0.0,0.0
888343156,Porter v. Vick,"the new trial grant within the plenary power period. The facts that there were evidentiary grounds raised in Porter's motion for new trial, and that only Judge Vick had heard evidence in the case, do not make Judge Purcell's order granting a new trial void. See TEX.R.CIV.P. 18; see also Texaco, Inc. v. Pennzoil Co., 729 S.W.2d 768, 846-47 (Tex",document,red,2020-04-29,29.0,"{'source': {'vid': '893441292', 'title': 'In re Baylor Medical Center at Garland'}, 'target': {'vid': 888343156, 'title': 'Porter v. Vick'}, 'treating_type': 'Overruled', 'treating_type_desc': 'Overruled in'}",29.0,0.0,7.0
889922706,"Gabbai, In re","trial court imposed one sentence for four different acts, two of which are not punishable by contempt, the entire judgment is void. See Ex parte Lee, 704 S.W.2d 15, 17 (Tex.1986). * * * For the foregoing reasons, the Court orders relator discharged. --------------- 1 The trial court's order is further problematic in that it cites relator's failure to file a supersedeas",document,,,,,5.0,0.0,0.0
891413504,Burton v. Bell,"a contract in the teeth of Art. 4610. The terms of the contract obviously 'alter the legal orders of descent' as regards Henry and Ernest, who are here vigorously complaining of such alteration. * * *' In Gormanlaw enlarging the wife's separate estate beyond its constitutional limits, it is clear that the provisions of the organic law cannot be set aside and such enlargement accomplished by the mere agreement of the parties",document,,,,,60.0,0.0,0.0
893049624,Central Ed. Agency v. Independent School Dist. of City of El Paso,"such school district shall be reduced in the proportion that the area included in the above-named classificationsbears to the total area of the district. * * *' If the orders of the State Board of Education, as above set out, are valid and binding and all of Fort Bliss is includedlitigation resulted. The trial court held the order void and ineffective to make the military reservation a part of the",document,,,,,57.0,0.0,0.0
886146716,Deramus v. Thornton,"Twedell, Tex., 309 S.W.2d 834. It is true that the above cases are what we commonly denominate as habeas corpus cases, but, in my opinion, the expressed in each of such cases leads to the further conclusion that where a judge, as in the instant case, has determined to commit and fine a relator on a void contempt judgment, this court has the power to issue writs of mandamus and",document,,,,,88.0,0.0,0.0
891416158,Pacific Emp. Ins. Co. v. Brannon,"the general purposes of the Act, a settlement until approval is 'void and wholly ineffective', without reference to general law rules of accord and satisfaction1084, 89 S.W.2d 1116. Conversely, should it not follow that by virtue of the statute and the general law rules, as we have statedcorrectness. Certainly the words of Section 12, supra, are far from forbidding it. Assuming that there was some small benefit to the",document,,,,,16.0,0.0,0.0
892820106,State v. Traylor,marital experience. This is a wholly impractical requirement because in most marriages accurate accounts between husband and wife are not kept and 'mine' and 'thine' concepts of property are not dominant considerations. All that should be required is a showing that the division and distribution approved by the court is fair and equitable. Both the probate and district courts have held that the proposed,document,,,,,,,
892528076,"River Oaks Garden Club v. City of Houston, A-9313","be used, as it was in fact used, by the two Masonic orders, 'to enable them to pursue their work as Masonic lodges,' such work being, as agreed, only partly charitable. 'To the extent that the property was used by Masonic organizationsappears that the non-owners who make temporary uses of the building are using the same for educational and charitable purposes.",document,,,,,83.0,0.0,0.0
886638121,Stewart v. Rockdale State Bank,"conveyance without her joining in the deed is void, in so far as it in any manner affects her interestsrights whatever. And so far as appellants are concerned, it is wholly immaterial whether the survivingtheir deed."" It is held, and correctly so, that a husband and wife have the right to sell and convey a homesteadsale made by Freeland's administrator, by virtue of the orders of the probate court. Poland v. Davenport",document,,,,,12.0,0.0,0.0
893454765,Ex parte Preston,"all other kinds of property though no authorities are offered for that theory. We think the contention is without merit. We note that into retain in its possession a portion of his weekly salary subject to the further orders of the court. Preston further contends that the judgmentsum of $10,000 to the Clerk for the use and benefit of his wife is void for two reasons: First, that the only punishment assessed",document,,,,,40.0,0.0,0.0
890922077,Lone Star Gas Co. v. Kelly,"makes essential to all laws or governmental orders issued pursuant thereto. It imposes a burden, § 586, p. 283. In these conclusions we are reminded that ""A good purpose cannot justify a wrong method of its achievement. Theliberty depend upon its observance. * * * Hence, the duty to declare the statute void is plain, although the occasion of its performance is most regrettable.""",document,,,,,25.0,0.0,0.0
893076783,Coakley v. Reising,"the judgments of dismissal, proceed to render proper judgment. We are unable to render the judgments for either the plaintiff or defendants. There is an unsettled fact issue concerning plaintiff's contention that the Water District had actual notice that Joseph Mnot foreclosed, and the Water District judgment was void as to him. It is settled by Woodward v. Ortiz, 150",document,,,,,17.0,0.0,0.0
890418500,Ex parte Tyler,"against the father for his refusal to bring the children into court from a foreign state in response to the writ was void, the judge having refused to hear evidence on behalf of the father to the effect that the children were neither domiciled nor physically present in this state at or after the institutionthe custody of the Sheriff of Sherman County, Texas, to carry out the orders of the District Court of that County.",document,,,,,17.0,0.0,0.0
886175879,"Southwest Weather Research, Inc. v. Jones",controverting affidavits. We hold that the cases made by the petition are not solely for injunctive relief and hence the fact that the writs of temporary injunction were made returnable to the District Court of Jeff Davis County does not render them void. It is patently unnecessary for us to decide whether or not in a purely injunctive proceeding,document,,,,,103.0,0.0,0.0
893108800,"Adjudication of the Water Rights of Upper Guadalupe Segment of Guadalupe River Basin, In re","separate jury of any such issue. (c) The legislature declares that the provisions of this section are not severable from the remainder of this subchapter and that this subchapter would not have been passed without the inclusion of this section. If this sectionin any way, the holding applies to the entire subchapter so that the entire subchapter is null and void. 6 ""The Act reflects the legislative belief that the existence of a mineral interest",document,,,,,30.0,0.0,0.0
891242952,State v. Bush,"App., 214 S.W.2d 336, writ ref. n. r. e.; and many other cases that could be cited. In the case at bar the Administrator actingof any district court, had, or has, any authority to issue the restraining orders issued in this case; nor can any judge issue a license or permit to sell wine and beer. Therefore, his action is wholly void, and being so, we have authority to grant the relief prayed for. The provisions",document,,,,,27.0,0.0,0.0
893753820,Ector County v. Stringer,"when it is alleged that the Commissioners Court order is voidable as being arbitrary, capricious, unsupported by substantial evidence or that the court has acted beyond its jurisdiction' "") (quoting Mobil Oilallowances for county and precinct officers and employees who are paid wholly from county funds."" TEX.LOC.GOV'T CODE § 152.011 (1988",document,,,,,53.0,0.0,0.0
887942635,Clements v. Chajkowski,"no distinction is made between final judgments or orders of probate courts and those of other courtsindicated by the record, though the point is not made clear, that the probate court entered an order directingcourt authorizing the payment of the claim was void. Western Mtg. & Inv. Co. v. Jackmancontain the order commanding the administrator to pay that claim, and we are therefore not authorized to render any judgment",document,,,,,5.0,0.0,0.0
893056093,Trader v. Dear,"details of visitation, and child rearing are often better resolved by responsible parentsarrangements, and we do not discountenance them nor declare them void. Page 237 A voluntary arrangement between the partiesconservator and whether an existing order should be changed. That does not mean, however, that any available court may intervene with or divided by interim modification orders by other courts. When this cause was first",document,,,,,33.0,0.0,0.0
885797301,Simpson-Fell Oil Co. v. Stanolind Oil & Gas Co.,"is our conclusion therefore, that so far as the parties now before the court are concerned, the deed by William E. Howell and his adult children plaintiffs in their various petitions admitted that defendants had title to a 7/8 th interest. Defendantsdate November 27, 1929. They contend, however, that even though it were void so far as the minor was concerned, it nevertheless passed all title which",document,red,2015-03-31,17.0,"{'source': {'vid': '886568023', 'title': 'Smith v. Sabine Royalty Corp.'}, 'target': {'vid': 885797301, 'title': 'Simpson-Fell Oil Co. v. Stanolind Oil & Gas Co.'}, 'treating_type': 'Reversed', 'treating_type_desc': 'Stated as Reversed in'}",17.0,0.0,1.0
890742657,McHone v. Gibbs,correct judicial errors after final judgment or make other orders inconsistent with the adjudication. Indistrict judge beyond his lawful power and jurisdiction. Here we are asked to require a judge exercisingcourt had lost jurisdiction. We did so against the contention that the parties adversely affected hadjudgment changes the original judgment and is therefore void. It should be added that the original judgment,document,,,,,8.0,0.0,0.0
892191606,Ex parte Goad,"January 30, 1981 to December 20, 1982, because these are time-barred by the two-year limitations periodTexas Family Code. In relevant part, that statute provides: A motion to enforce the divisionsection 3.70(c). The trial court's contempt holding clearly orders payment of more than the last two years of arrearages. Therefore, is it void? Posed another way, we must inquire if this amended",document,,,,,25.0,0.0,0.0
888595092,Munday Independent School Dist. v. Knox City Independent School Dist.,"district sued as plaintiff to have the detachment orders declared void. The detailed facts are set out fully and fairly in an opinion of the Court of CivilAppeals, 247 S.W.2d 936, sustaining the orders of the County Board approving the detachment and annexation. The plaintiff contends that if in successive annexations each annexation is in area less",document,,,,,4.0,0.0,0.0
892959212,Lancaster v. Lancaster,"Judgments (5th Ed.) vol. 2, §§ 660, 662. This does not militate against our conclusion that, once the necessary facts are pleaded and admitted or proven, or shown by the undisputed [155 Tex. 536] record, as in this case, the subsequent suit is abated and its orders void for want of jurisdiction.' Page 308 In our case, the necessary facts have only been pleaded",document,,,,,67.0,0.0,0.0
890083282,Ex parte Sutherland,"violating the order of the court with respect to retainer pay, and orders that he be confined in jail for 30 days and thereafter until he wife of an undivided one-half interest in the 'right' to receive future retainer pay is void. He is not attempting to have the prior judgment the district court had no jurisdiction to enter the particular judgment. There are cases in which collateral attacks have been sustained",document,,,,,28.0,0.0,0.0
888276321,Willoughby v. Jones,"to the only remaining lands or purportedly described lands involved, that is, the relatively few 'parts' which are listed under 'Tract III' in the judgment and which, from respondentsalso in this final particular. Were the case one of a foreclosure perfectly describing the land but void on Page 513 some ground such as defective service of process, the status of petitioner as a mortgagee in possession",document,,,,,50.0,0.0,0.0
890621166,Gammage v. Compton,"art. 9.14 (1967), provides: ""If any vote or votes are found upon the trial of any contested election to be illegal or fraudulent it appears on the trial of any contest (for any district office) that it is impossible to ascertain the true result of the election as to the office about which changed the result, the court shall adjudge such election void, and direct the proper officers to order another election to fill said office",document,,,,,3.0,0.0,0.0
892104119,Mobil Oil Corp. v. Matagorda County Drainage Dist. No. 3,"be prescribed by law . . . ."" The provisions of article 1908 are identical with these constitutional provisions in every material respecthas not established the procedure for appealing orders of commissioners courtsdirect attack. Matagorda contends, however, that Mobil's action should have been one in quo warrantoan unconstitutional exercise of annexing powers and a void application of section 1(4), article 8176b-1. That statute",document,,,,,25.0,0.0,0.0
889093104,Ford v. Culbertson,"1946 agreement was in existence. In fact, the seventeen transfer orders prepared and signed by the defendant as a witness (MrWe overrule all of the defendant's defenses that the title to the properties was defective, exceptbecause the contract upon which they based their suit was void as being in violation of The trustees in insolvency and bankruptcy are exempt. We hold that this transaction is exempt under the provisions",document,,,,,87.0,0.0,0.0
886485867,"Lord v. Clayton, A-8709",the two courts only the Criminal District Court of Jefferson County has jurisdiction Of the matters in controversy and that all orders made with reference thereto by the 136th District Court are absolutely void. The say this is so not only because the act creating the Criminal District Court expressly conferred on it exclusive jurisdiction over such matters,document,,,,,21.0,0.0,0.0
886532271,Finlay v. Jones,"obtain relief from the default judgment if the nunc pro tunc judgment and the order granting a new trial are ordered set aside. That may well be so at this point in time, but it was not so in the beginning. The Rules ofin interpreting the Rules of Civil Procedure is not to be voided by nunc pro tunc procedures not contemplated by our decisions",document,,,,,9.0,0.0,0.0
889791914,Railroad Commission v. De Bardeleben,"in the Elysian Fields area as null and void because such permits were issued inwithholding required factual data. It would follow that the Commission could properly refuse to set  between the respective contentions, there are also obvious differences. The acceptance County to test the validity of orders and acts of the Railroad Commission of Texas",document,,,,,5.0,0.0,0.0
893242065,Morrow v. Corbin,"been invoked in a constitutional way, so that we might have assisted in their solution at this time. However, we are clear that we have no jurisdiction of the certificate, that the act under which the certified questions are before us is unconstitutional and void, and no other action may lawfully be taken by us than to dismiss the certificate, as provided by the rules of this court. The certificate of the Court of",document,,,,,184.0,0.0,0.0
885099100,Dick v. Kazen,"mandamus in this case, the fact that there are other claimants to the land, who are not parties to this proceeding, would furnish grounds for refusing it. The averment that their claims are void will not relieve the matter of the difficulty; for this court will not undertake to adjudicate their claims, whether valid or not, when the claimants are not parties to the suit.' In 1927 in O",document,,,,,20.0,0.0,0.0
891560175,Ex parte Padfield,"whether or not there is such a total lack of substance in the proof offered as to render the judgment void. After a thorough review, in our opinion, it cannot be said that the evidence wholly fails to support the trial court in his finding of fact that the relatorAgain, counsel evidently referring to the $40,000 notes, asked, 'Now, are those the notes that you sold, a part of the money you put in the ranch down here?' Answer",document,,,,,6.0,0.0,0.0
890518375,Ex Parte Norton,"by the other. This is essential, if courts are to function in an orderly manner. In 9 Tex.were disposed of, the judge was trying to have the orders of the court relating to the custody of the childand issue the commitment. It is quite plain from the record that relator knew that the judge felt that his ordersis limited to the question as to whether or not the commitment is void. The question is, not whether the commitment was erroneously",document,,,,,17.0,0.0,0.0
892700458,Ex parte Blasingame,"can freely travel the road. We fully recognize the authority of trial courts to enforce their orders by imposing jail sentences and fines. In this case, however, we are not convinced that the Blasingames engaged in conduct violative of the 1983 injunctivenot consider the Blasingame's remaining points of error. The contempt order is void. Relators are discharged.",document,,,,,33.0,0.0,0.0
892519267,Rogers v. Clinton,"also 60 C.J.S. Motions and Orders § 41 (1969). TIE argues that even if the motion for new trial was effectively withdrawn, the district courtjudgment until thirty days after all such timely-filed motions are overruled either by a written and signedsign an order declaring a previous judgment or order to be void because signed after the court's plenary power had",document,,,,,30.0,0.0,0.0
885482529,Powers v. First Nat. Bank of Corsicana,"in part, of plaintiffs' contention that the trust is a personal one in the trustee in that it vests in the trustee a discretion as to the objects, persons or classes to whom gifts shall be made. We are not here called on to decide whether the trust would have been personal in the trustee and void had the power of the trustee to spend ""for worthy objects of charity"" not been limited to",document,,,,,68.0,0.0,0.0
884786956,Southwestern Lloyds v. City of Wheeler,"The testimony also showed that there were certain orders and resolutions of date May 4, 1930former members of the city council to the effect that no ordinance was passed levying a taxparol proof was admissible in the absence of such a plea, because we are of the opinion that the proof tending to show thatis of the opinion that if the warrants are found void plaintiff has a right to seek a recovery on the theory of quantum",document,,,,,8.0,0.0,0.0
888917635,Butler v. Summers,"124 Tex. 252, 77 S.W.2d 201, in which no constituent member of his family survived the deceased and in which it is held, therefore, that his adult heirs are not entitled to take the former homestead as against his general creditors.) This rule renders void and subject to collateral attack a sale of the homestead to pay an allowance for support of the widow and minor children. Allen v. Ramey, Tex.",document,,,,,10.0,0.0,0.0
887283398,Scott v. Graham,"to Nueces County. The relevant provisions of this statute are as follows: '* * * the District Attorney, * * * may appoint786, 151 S.W.2d 1. The Legislature has thus provided that the salaries of the officers and employeesTex. 104] amount authorized by the statute, and the order is therefore void. Respondent argues that in no event would the trial court's refusal",document,,,,,62.0,0.0,0.0
892065484,Southern Surety Co. v. Weaver Bros.,"States, 164 U. S. 227, 17 S. Ct. 142, 41 L. Ed. 412, that the right of subrogation for a surety relates back to the making of the original contractmerely furnished material and advanced money to the contractor by paying his orders therefor, in carrying out the contract by the contractor. Clearly said cases are distinguishable from, and not authority here. The rule followed by us in this",document,,,,,,,
891929373,Cluck v. Hester,"St. (Supp.1975). Although the amended Sec. 5 of 1973 does not say, expressly, that final judgments are appealable Only to the courts of civil appeals, that is the most reasonable construction to be given the language that final orders 'shall be appealable' to the courts of civil appeals, especially when the Legislature at the same session was passing",document,,,,,11.0,0.0,0.0
890009739,Anderson v. Armstrong,"presented by him in that action, the Court of Civil Appeals held that the attempt of the probate court to settle said account and to make allowances and credit was void for want of jurisdiction; and the cause was dismissed. This resultedno settlement between defendant and the estate, and no allowance of attorney's fees. We are not called upon to approve or disapprove the holding of the Court of Civil",document,,,,,18.0,0.0,0.0
893816811,Wood Motor Co. v. Nebel,"the control of the parties.' Since respondents never actually placed any orders with petitioner, the argument is pressed here that no damages are recoverable for petitioner's failure to deliver cars. Obviously, the point reachescontract is susceptible of two constructions, one of which would render it valid and the other void, the former will be adopted. We have concluded that Section 4",document,,,,,52.0,0.0,0.0
889080258,"Ex parte Hatch, A--11440","Article 4639a--1 does not confer jurisdiction upon the trial court to modify support orders to conform to its provisions, and require and enforce support payments foryears of age. The Court of Civil Appeals held that the trial court had jurisdiction of the subject matter of the motion, under the provisions ofSupp.1966). All references to statutes herein are to Vernon's Texas Revised Civil",document,,,,,8.0,0.0,0.0
890248248,Natali v. Witthaus,"defendants in error. All have been carefully considered and are overruled. To avoid extension of this opinion to unreasonable lengthSection 771, 12 U.S.C.A., requires that the borrower undertake, by express covenant in his mortgage deed, to pay alllawfully charged against the homestead, such fact did not render the trustee's sale void. Most of the unpaid taxes were lawful charges. """,document,,,,,20.0,0.0,0.0
888574391,Westbrook v. Atlantic Richfield Co.,"broad as to cover this case, and the two cited cases so holding are distinguishable from the facts in this case. In neither case citedthe ratification agreement specifically acknowledged that the lease executed by the ratifier and describedRecord title is not lost by failure to proclaim it and repudiation of a void lease would be superfluous. Watson v. Rochmill, 137 Tex. 565",document,,,,,18.0,0.0,0.0
889956140,Alexander v. Russell,"caption on the petition and termination judgment to read ""243rd Judicial District Court."" Other orders in this suit captioned ""327th Judicial District Court"" remain unchanged. EvenJudge."" Melvin filed his appeal in the 327th District Court and argued that the 327th District Court was without jurisdiction to hear the cause. Patricia argued that",document,yellow,2023-04-20,28.0,"{'source': {'vid': '891474554', 'title': 'Ramsey v. Ramsey'}, 'target': {'vid': 889956140, 'title': 'Alexander v. Russell'}, 'treating_type': 'Distinguished', 'treating_type_desc': 'Distinguished in'}",28.0,0.0,1.0
885166990,Miller v. Long-Bell Lumber Co.,"of extension, the burden would be on him to have included in the transcript such other orders, if any, that would indicate a different date for the expiration of the term. After disposingHowever, in the case under consideration the facts and circumstances are not such as to bring it within the rule quoted. There are the court refused to enforce the contract, which was held void under maximum price provisions of the Emergency Price",document,,,,,,,
892729465,First State Bank of Bedford v. Miller,"Article 5069-1.01(a). This and all other statutory references are to Vernon's Annotated Texas Civil Statutesstatutes in 1967, usurious contracts were provided by statute to be ""void and of no effect,"" and the recovery was limited to twice the amount of interest paid. Articleadded.) Article 5073 read: ""Within two years after the time that a greater rate of interest than ten percent shall have been received or collected upon any",document,yellow,2024-06-21,62.0,"{'source': {'vid': '887429366', 'title': 'El Paso Development Co. v. Berryman'}, 'target': {'vid': 892729465, 'title': 'First State Bank of Bedford v. Miller'}, 'treating_type': 'Distinguished', 'treating_type_desc': 'Distinguished in'}",62.0,0.0,1.0
891586808,Humble Oil & Refining Co. v. Railroad Commission,"to the rate making jurisdiction of the Commission. To that length we are not prepared to go. No rule of law, statutory or otherwise, will justify us in doing so. Counsel for the Commission contend that the Commission order here involved is authorized Pagestatute reads as follows: ""Art. 6054. All orders and agreements of any company or corporation, or any person or persons",document,,,,,25.0,0.0,0.0
892395296,Lockhart v. A. W. Snyder & Co.,"to exercise its statutory option to purchase these bonds, is void because such order did not provide for the purchase of these bonds for them. It then adjudges that the Board waived its legal option to purchaseand that they hold them without lawful authority, and therefore they are not acting for or on behalf of the State of Texassum of $30,000. 14. It then adjudges and orders as follows: ""It Is Further",document,,,,,26.0,0.0,0.0
885990187,Harrison v. Jay,"No'. The attack made in this election contest on the orders of the Commissioners' Court of Kent962, relief was sought upon the ground, among others, that the Commissioners' Court of Haysthat a failure to perform the duty makes its action void. * * * We think that when the commissionersany other collateral proceeding. Such attacks are amply provided for in proper proceedings.",document,,,,,22.0,0.0,0.0
893039205,City of Corpus Christi v. Gregg,"Consequently, it is well settled that contracts which are within the scope of the corporate powers but not authorized by proper action of the municipal corporation, that is, contract not ultra vires, may be ratifiedthat such sale Page 751 by the City was wholly void and could confer no rights upon the purchaser. This Courtdirected by the Court. Through later orders and changes the proceeds were invested",document,,,,,40.0,0.0,0.0
892057900,Pure Oil Co. v. Reece,"absolutely void because the statutory notice provided by article 4114, R. C. S., was not had on the application therefor. It is then contended that since the order appointing the guardian was void, all subsequent proceedings and orders, including the guardianship deed to Chambers, were and are absolutely void. Under article 4328, supra, ""any person interested may, by a bill of review, filed in the court in which the proceedings were had, have any decision, order",document,,,,,76.0,0.0,0.0
894495757,Central Surety & Insurance Corp. v. Anderson,"conflict with our opinion in Burch. We agree. Under these circumstances, we are authorized by Rule 483, Texas Rules ofgranting the writ and hearing the case, 'making, at the same time, such further orders as may be appropriate.' Accordingly, we reverse the judgment of the court of civil appeals and remand the cause to that court with directions to set aside its former judgment and to modify the trial court's judgment by",document,,,,,20.0,0.0,0.0
892612700,Jayton Rural High Sch. Dist. v. Girard Ind. Sch. Dist.,"Leaving out intervening matters, which are immaterial to a disposition of this case, the next thing that happened was that the County Board of declares this order of March 11, 1953, void and hereby rescinds same, and further action on this matterheld the Kent County School Board's orders of March 4, 1954 and December 9, 1954, to be void and",document,,,,,3.0,0.0,0.0
891062878,Ex parte Lee,"A written judgment of contempt and a written commitment order are necessary to imprison a person for civil constructive contempt of courtis likely to issue a new commitment order based on that contempt judgment. We agree with Lee that the Mayabuse, a trial court may treat as contempt ""the failure to obey any orders...."" If one punishment is assessed for moreand one act is not punishable by contempt, the entire judgment is void. Ex parte Oebel, 635 S.W.2d 454",document,,,,,20.0,0.0,0.0
886195727,Bank of North America v. State Banking Board,primarily upon allegations that the Board's order is void because of alleged control and domination of the operationsunder the substantial evidence rule. The trial court's judgment recited that 'all parties agreed in open court that the issue or implication that the Board's determination on constitutional issues are conclusive or that its decision on them would forego a separate lawsuit at the time or in,document,,,,,7.0,0.0,0.0
886561339,Cocke v. Smith,"estate being administered by an independent executor. There are no facts or circumstances in this case invoking the jurisdictioncircumstances, it seems to be the settled law of this State that the probate court has no jurisdiction over an independent executor, nor of the estatein his fiduciary capacity without bond in his attempt to set aside, or have declared void, the invalid orders of the probate court. Buttlar v. Davis, 52 Tex. 74; Drew",document,,,,,1.0,0.0,0.0
889174117,Elliff v. Texon Drilling Co.,"as many wells as he desires upon his tract of land and extract therefrom and appropriate all the oil and gas that he may produce, so long as he operates within the spirit and purpose of conservation statutes and orders of the Railroad Commission. These laws and regulations are designed to afford each owner a reasonable opportunity to produce his proportionate part of the oil and gas from the entire pool",document,,,,,99.0,0.0,0.0
893725489,Ex parte Dustman,".W.2d 184 (1953). An order of contempt imposing a coercive restraint is void if the condition for purging the contempt is impossible of performance. conclusive effect to testimony of an interested party where 'it is clear and positive, and there are no circumstances in evidence tending to discredit or impeach such testimony.' McGuire record before us conclusively establishes that it is not within the power of Dustman to perform the act which would result in",document,,,,,43.0,0.0,0.0
885565127,McBeath v. Mathews,"election contest proceedings have been filed and are now pending in a district court of Taylor Countyeach of these Commissioners Court orders. Page 671 The record does not showrelief granted by the judgment was in these terms: ""That the Order of the Commissionersand not an election contest and was therefore totally void as a matter of law. ""That the second canvass of",document,,,,,1.0,0.0,0.0
893439128,Ex Parte Birkhead,"to contribute to the support of same, and such Court shall make such orders regarding the custody and support of each such child or children, as is for the to whom the payments above provided for are made under the judgment of the Court shall file sworn monthly such minors."" Relator contends that the above statute is unconstitutional and void, because it authorizes imprisonment for",document,,,,,46.0,0.0,0.0
885873578,Ex parte Mullins,"of Galveston County adjudged him in contempt and committed him to the Galveston County jail for disobedience of that court's order to pay child support. Relator urges that the contempt and commitment orders are based upon a void child support order because the Court of Domestic Relations Number Three of Harris County, which granted the divorce, has exclusive jurisdiction over child support orders. We sustain",document,,,,,12.0,0.0,0.0
892360277,Cole v. Waite,"Appeals erred in saying that the deed was a gift, which when made by a person of unsound mind is void and cannot be ratified. In addressing the jury one of respondent's attorneys said, 'Of course, counsel here for the defendants knows that if the relatives or if there be any, or if there are others who are financially able to take care of an insane person who is insane and of unsound mind",document,,,,,36.0,0.0,0.0
885956739,Ex parte Flournoy,".E.2d 787. Our district courts are entrusted with the grave responsibility of protectinghaving jurisdiction, demands in open court that a parent disclose the whereabouts of a minor child or that he produceacquittal of relator on the insanity complaint did not void the contempt judgment or operate to effect relatorit should not have been dismissed. What orders and judgment will be entered eventually we cannot know",document,,,,,7.0,0.0,0.0
886275499,Boatright v. City of Mineral Wells,"adoption of a new charter on July 26, 1966, which provided Page 902 for a different form of city government, was void in that the statutory requirements for the adoption of a charter by a home rule city had not been compliedhas long been established in this court that when a case becomes moot on appeal, all previous orders are set aside by the appellate court and the case is dismissed.' See also, Guajardo v.",document,,,,,3.0,0.0,0.0
892622323,Iles v. Walker,"question. The judgment contains such other orders as were necessary to put same into effect, and to cause Court of Civil Appeals held: (a) That Iles' direct appeal should be dismissedappealing same either by direct appeal or by writ of error. We are not here concerned with the correctness of suchthe alleged ground that such original judgment was void for lack of service on contestee. This injunction was refused",document,,,,,26.0,0.0,0.0
885169999,Ex parte Gamez,"the time and place directed, and await its further orders. Relator made his appearance in compliance with therelator's petition, as well as from the record as a whole, that he was accorded due process by the Honorablecourt is restricted to the inquiry whether or not the commitment is void'; and further, that 'an attack based upon the charge in the contempt judgment, express and implied, are true * * *. We further assume that relator willfully",document,,,,,1.0,0.0,0.0
891175273,Gambill v. Town of Ponder,"Mingus v. Wadley and Alpha Petroleum Co. v. Terrell are cited. The Court did not have the strict question of jurisdiction beforethe case had gone to judgment as to the 12 plaintiffs, the judgment would have been void. The matter Was called to the attention of the trial judge who correctly ruled that the particular statute as to place of suit was controlling.",document,,,,,18.0,0.0,0.0
892931077,Fitzgerald v. Lane,"grounds upon which it was claimed that the orders were void. On September 11, 1937, judgment was Fitzgerald, cancelling and setting aside all of the orders, judgments and decrees which hadproceeding. Thereupon, the defendants in that proceeding perfected an appeal to the 126 S.W.2d 64. Page 604 There are numerous authorities to support the conclusion of",document,red,1965-10-21,2.0,"{'source': {'vid': '888525305', 'title': 'Puckett v. Frizzell'}, 'target': {'vid': 892931077, 'title': 'Fitzgerald v. Lane'}, 'treating_type': 'Reversed', 'treating_type_desc': 'Stated as Reversed in'}",2.0,0.0,1.0
892809365,Bullock v. Calvert,"assigned the Secretary of State to deal with every hiatus and fill every void when the Legislature is not in session. For two reasons60th Leg., ch. 723, p. 1858. The emergency clause (Sec. 79) of that act provided 'that the orderly conduct of elections in this state isambiguities, and hiatuses in existing statutes, which are corrected by this Act . . .' The Legislature",document,,,,,73.0,0.0,0.0
891869355,Ex Parte Britton,"claim made by the receiver against Britton is in dispute, and it furthermore clearly appears that the court does not have the power to enforce by summary proceedings a collection of rents claimed to be due the receiver by Britton. It is clear that the order which relator is alleged to have violated was without authority of law and was void; and the relator is ordered discharged.",document,,,,,33.0,0.0,0.0
893195478,Lee v. State,"Constitution, Vernon's Ann.St. which provides that: 'No bill, (except general appropriation bills, which may embrace the various and accounts, for and on account of which moneys are appropriated) shall contain more than one subject, which shall be expressedan act, which shall not be expressed in the title, such act shall be void only as to so much thereof as shall not be so expressed.' We",document,,,,,15.0,0.0,0.0
891821505,Thompson v. Hovey Petroleum Co.,"than from tank cars. But there is no finding that these ends cannot be accomplished by use of tank trucks and facilities of the motor carriers who are petitioners here. Therefore, undermandatory provisions of Art. 911b, sec. 5a(b), supra, both the orders and respondents' certificates issued thereunder are void. This conclusion makes it unnecessary to consider",document,,,,,14.0,0.0,0.0
892173461,De Moss v. Briggs,"expired on February 7th, the date to which it had theretofore been extended, and all orders made in the case after that date were void. We cannot adopt that view. The authority of a district judge to extend the term of his court is definedwas to overrule the motion for a new trial leaving nothing pending for decision before the court. We are unable to adopt that view. When a Page 42 judgment non obstante veredicto is set aside the party in whose",document,,,,,3.0,0.0,0.0
888021067,Thompson v. Crim,"Confirmation may make good a voidable or defeasible estate, but cannot operate upon an estate void in law, but only confirms its infirmity.' 1 Dev.Deeds, § 17Chess, 1 Pen. & W. (Pa.) 32, 21 Am.Dec. 350. There are no `apt words of conveyance' from Mrs. Merriman, in the bare recital in the deed to Guzman, that the land had been conveyed by Elizabeth Merriman to",document,,,,,15.0,0.0,0.0
892405358,Hamrick v. Simpler,"of this opinion we will treat it as valid. The above two orders were each made by the commissioners' courtauditor of Potter county. It appears that Hamrick in his official capacity duly countersigned.Civ.St. art. 5142), is inoperative and void as applied to Potter and like countiescounties in a like situation? ""2. If not void, are the provisions of Article 5142, directing",document,,,,,8.0,0.0,0.0
889684154,"Transamerican Leasing Co. v. Three Bears, Inc.","Antonio, for respondents. PER CURIAM. The question presented by this appeal is whether a trial court has the plenary power to vacate a judgment while the amended motion for new trial is pending before that court. Here, the trial court vacated the original judgment more than thirty days after it was rendered but within forty-five days after the amended motion for new trial was filed. A second judgment was",document,,,,,31.0,0.0,0.0
892431700,Boston v. Garrison,"the sections of the Act under which the order was made are unconstitutional and void on various grounds fully set out. The greater part of the prayer of the petitionhas reference to the suspension of appellant's license. It prays that the defendants be permanently enjoined 31 of the Act, which authorizes appeal from orders denying, cancelling or revoking a",document,,,,,57.0,0.0,0.0
888386374,State v. Rubion,"real property if the same is not to be sold and any other matters which are important, and, considering such matters, together with the size of the trustinstallments to be paid to the State in the future, subject to further orders of the court upon a showing of changed conditions. If the sum orreal property, the trial court should order the same sold, keeping in mind in this regard that the purpose of the trust is for the support and maintenance of the cestui and not for the",document,,,,,32.0,0.0,0.0
890401351,Houston Chronicle Pub. Co. v. Mattox,"already ruled that such transcripts are public information. The Chronicle's The Chapman plaintiffs contend that disclosure of the transcripts would deprive themChronicle's mandamus action became subject to all prior orders in the Chapman case, including an August 15O'Neill's August 15, 1988, order is void, we agree that the Chronicle is entitled",document,,,,,7.0,0.0,0.0
889562489,Farley v. Dorsey,"be void or merely voidable, the power to declare it void necessarily involves the exercise of power to tryof the Constitution which provides that the county court ""shall not have jurisdiction of suitscould annul or set aside any of its own executed orders upon which the validity of a deed dependsand the personal property thereof, and the proceeds of previous sales, are insufficient for the education and maintenance of the ward * * * the guardian",document,red,1941-07-16,6.0,"{'source': {'vid': '892716713', 'title': 'Jones v. Sun Oil Co.'}, 'target': {'vid': 889562489, 'title': 'Farley v. Dorsey'}, 'treating_type': 'Overruled', 'treating_type_desc': 'Overruled in'}",6.0,0.0,1.0
892849140,Commercial Casualty Ins. Co. v. Hilton,"but an administrative body created by statute, and possessing those powers only which are conferred upon it by statute. In the opinion of the Court of Civilthe power to set aside compromise settlement agreements made by the parties and the orders of the board approving same. If that article, by its terms, conveys that power, then the question presented would be one",document,red,2007-07-26,56.0,"{'source': {'vid': '885914460', 'title': 'State Ins. Fund v. Asarco Inc.'}, 'target': {'vid': 892849140, 'title': 'Commercial Casualty Ins. Co. v. Hilton'}, 'treating_type': 'Abrogated', 'treating_type_desc': 'Stated as Abrogated in'}",56.0,0.0,1.0
892716443,"H & R Block, Inc. v. Haese","our stay preserved the issues from becoming moot so that they could be reviewed by that court. Accordingly, the Court grants the petition for review and, without hearing oral argument, reversesFeb. 4, 1998). 5 See TEX.R.APP. P. 29.3 (authorizing ""any temporary orders necessary to preserve the parties' rights until disposition of the appeal""); see also Dallas Morning News",document,,,,,1.0,0.0,0.0
884795983,Realty Trust Co. v. Craddock,"has not appealed from the district court judgment, and we are not further concerned with it. L. E. Whitham & CompanyCourt of Civil Appeals, and the judgment against it was also by that court affirmed. 107 S.W.2d 761. The L. Eone of the above-described tracts of land is illegal and void, and inoperative to fix any personal liability against him or lien on such land, because, at",document,,,,,21.0,0.0,0.0
885341605,Ex parte White,"accused of violating, aside from other defects which are claimed by the relator. Ex parte Cox152, 127 S.W.2d 443. The judgment of contempt is therefore void and it is ordered that the relator be released from custody. Thisjudgment, however, is without prejudice to the power of the district court to enforce its orders in the receivership case by proper proceedings. GARWOOD, J., dissenting",document,,,,,5.0,0.0,0.0
890692810,Smith Bros. v. Guardian Trust Co.,"the Judicial Extension or Moratorium Act, was void and unconstitutional; whereupon the district judge, without passing upon the motion to dissolvethe Court of Civil Appeals. It will be noted that while a temporary injunction was issued, from which an appeal lay to the Courtby the motion to dissolve. The revisory power of the district court over its own orders was invoked by the motion to dissolve, and that undetermined question is still",document,,,,,,,
886171372,Ex parte Godeke,"of Civil Procedure, relating to temporary restraining orders, should be followed; that is, a hearing should be set as soon as practicable for a day certain and both sides be given an opportunitythe entry of an ex parte orde without hearing evidence until final disposition of the cause is a wholly arbitrary action and void. It has been held that a parent's right to the custody of a child is afforded protection by the",document,,,,,43.0,0.0,0.0
888943675,Nass v. Nass,"sheriff or constable within the State of Texas, together with all uncontested orders, judgments, etc., based on such citations or notices. Petitioner contends that the Court of Civil Appeals erred in itshave been proved genuine to the satisfaction of this Court, and you are entitled to so consider the same in your deliberations",document,,,,,38.0,0.0,0.0
887300869,Tindall v. Rhodes,"October 20, 1971 judgment and the court of civil appeals reversed and rendered, holding that under the provisions of Rule 329b, § 5, Texas Rules of Civil Procedure, where asSince the order of October 20, 1971, is not a final judgment, the court of civil appeals and this court are without power to review it by appeal. Lynn v. Hanna, 116 Tex. 652, 296 S.W. 280 (1927). We",document,,,,,5.0,0.0,0.0
893133467,Ex parte Shaklee,"violation,"" which appears to refer to each day that Shaklee violated the decree. Moreoverdoes not specify whether the thirty-day sentences are to run consecutively or concurrentlyto remain in jail. Under these circumstances, the contempt order is void. 2 Page 146 Accordingly, the Court orders relator discharged. --------------- 1 Shaklee",document,yellow,2024-06-20,20.0,"{'source': {'vid': '889969021', 'title': 'In re Mott'}, 'target': {'vid': 893133467, 'title': 'Ex parte Shaklee'}, 'treating_type': 'Distinguished', 'treating_type_desc': 'Distinguished in'}",20.0,0.0,1.0
888057607,Dunaway v. Easter,"by the petition for certiorari to have been committed by the probate court are, among others, the opening of probate proceedings, allegednecessity existed or does exist for administration""; that Mrs. Easter was a sister of the deceased and the nearestof the proceedings in time to appeal therefrom and all such proceedings were void. The prayer of plaintiffs was that all orders, judgments and decrees of the county court",document,,,,,16.0,0.0,0.0
889712078,Twaddell v. H. O. Wooten Grocer Co.,"all dry groceries"" from the company's supply house and ""to discontinue specialty orders,"" during the period of membership in the Red & White violative of the anti-trust laws of the state and void. The facts disclose that the purchases agreed to be made were for thebuying privileges contracted for are shown in the face of the application, as well as by the evidence, to have been",document,,,,,,,
890039554,Uvalde Rock Asphalt Co. v. Hurlock,"cover said assessment. The questions certified are as follows: ""First. Under the facts of upon be had against M. H. Hurlock by reason of the fact that he joined in the petition to have the street paved, wherein and whereby he agreed, as joint owners of the property, was such certificate void and nonenforceable as a lien against the property? ""Third. Since M",document,,,,,,,
892296573,Automobile Underwriters' Ins. Co. v. Long,"any of the particulars herein last above set forth, shall render this Contract null and void and relieve the Exchange of any liability hereunder."" The agreed statement of facts shows that Long gave the required notice of the accident to the company, italthough such suits, allegations or demands are wholly groundless, false or fraudulent,"" but did not cover ""any obligation assumed",document,,,,,17.0,0.0,0.0
888600787,Panhandle Const. Co. v. Lindsey,"She is therefore entitled to have her assignments, which were properly presented in that court, considered here in so far as may be necessary to determine what judgment should have been rendered by the of its lien on lot 1 in block 86 of the Overton addition to the city of Lubbock. The costs of appeal are to be paid one-half by the Panhandle Construction Company and one-half by Mrs. M",document,,,,,11.0,0.0,0.0
885447723,Sigler v. Realty Bond & Mortgage Co.,"without authority to enter a judgment on August 13, 1934, reciting that it had done what in fact it had not done and what it had no authority to do. judgment nunc pro tunc; neither did it have the effect of converting the void judgment of August 13, 1934, into a judgment nunc pro tunc. The recitals of this order, as were those of the judgment of August 13, 1934, are, to use the language of Judge Nickels in Harrison v",document,,,,,10.0,0.0,0.0
885742562,State v. Boyd,"Loan Association, other than to have restraining orders and injunctions therein dismissed or to, employees, and attorneys, are hereby further commanded that you desist and refrain from enforcing or attemptingThese plaintiffs would show that the unlawful, unwarranted and void acts of the defendants, and especially the defendant, Honorable",document,,,,,,,
892212738,Ex Parte Roberts,"1941, in Cause No. 15149-B, is null and void, because the trial court was without jurisdiction, in an independentAnnotated Civil Statutes. That Article provides that a petition formarriage sought to be dissolved, and if there are no child or children the petition shall so state; that the courtcontribute to the support of the child or children, and shall make such orders regarding the support of the child or children as is for their best",document,,,,,12.0,0.0,0.0
890850741,Parr v. White,", for respondent. PER CURIAM. The application for writ of error is refused, no reversible error. The opinion of the court of civil appeals contains a statement that may mislead litigants in the future, however. The court of civil appeals stated that an appeal from the probate court to the district court by writ of certiorari is still Page 345 available. 543 S.W",document,,,,,5.0,0.0,0.0
891110376,Ragland v. Wagener,"testator unquestionably intended for the devise to be conditional. Page 438 We are further of the opinion it was not intended under the above statutory provisions that the probate court might strike down an objectionable portion of a unified provision of a will and leavea sentence, a clause, a phrase or a word, and, after thus isolating the same, have it declared void so as to render the remainder valid and enforceable which otherwise as a part of the whole is",document,,,,,11.0,0.0,0.0
888386364,State v. Miller,"upon. There is no provision for a separate vote upon interim bonds. If, as contended, these bonds create an indebtedness against the district in addition to that authorized by the construction bonds and are not voted upon, they are obviously void, because in contravention of the express language of the constitution above referred to. A consideration of the statutes relating to these bonds has led us to the",document,,,,,7.0,0.0,0.0
892203050,McCormick v. Sheppard,"and the amounts due, provided they are allowable and payable under the laws of this state, weCode of Criminal Procedure it is provided that the district clerk in counties such as Bexarentered the appropriate judgments or orders. Page 214 Apparently the district clerk performedS.W.(2d) 803, declared the act of 1929 unconstitutional and void, and held that the prior act making such an offense a misdemeanor",document,,,,,2.0,0.0,0.0
886980148,Renger v. Jeffrey,"proceedings in cause No. 8989 attempting to supersede the judgment in cause No. 8772 are unauthorized and void. The rules of civil procedure relating to supersedeas bondsinjunctive relief is before the Court of Civil Appeals upon appeal, that court has the authority to issue such orders as may be necessary to preserve the status quo of the matters in litigation and to protect that court",document,,,,,16.0,0.0,0.0
